51,Eire16,0,0,0,0
2,Buzzshare11,0,0,0,0
3,Tazz84,0,0,0,0
4,Oyonder55,0,0,0,0
5,Kazio14,0,0,0,0
6,Browsebug29,0,0,0,0
7,Nlounge96,0,0,0,0
8,Fanoodle12,0,0,0,0
9,Pixope58,0,0,0,0
10,Feedspan2,0,0,0,0
11,Brainbox100,0,0,0,0
12,Jamia79,0,0,0,0
13,Topiczoom50,0,0,0,0
14,Twitterlist16,0,0,0,0
15,Skyvu90,0,0,0,0
16,Youfeed64,0,0,0,0
17,Pixonyx34,0,0,0,0
18,Voonte99,0,0,0,0
19,Flashspan91,0,0,0,0
20,Yodel35,0,0,0,0
21,Quinu95,0,0,0,0
22,Wikizz26,0,0,0,0
23,Oozz69,0,0,0,0
24,Katz4,0,0,0,0
25,Yodo3,0,0,0,0
26,Mydeo99,0,0,0,0
27,Meezzy92,0,0,0,0
28,Photolist51,0,0,0,0
29,Ntag15,0,0,0,0
30,Oyoyo14,0,0,0,0
31,Zoomcast71,0,0,0,0
32,Gabcube76,0,0,0,0
33,Leexo59,0,0,0,0
34,Kanoodle81,0,0,0,0
35,Skaboo45,0,0,0,0
36,Photobug52,0,0,0,0
37,Eabox54,0,0,0,0
38,Wikibox47,0,0,0,0
39,Zoomdog13,0,0,0,0
40,Voonder56,0,0,0,0
41,Vitz38,0,0,0,0
42,Quinu67,0,0,0,0
43,Avamba63,0,0,0,0
44,Fadeo18,0,0,0,0
45,Jabberbean77,0,0,0,0
46,Feedfire71,0,0,0,0
47,Twitterbeat99,0,0,0,0
48,Quire14,0,0,0,0
49,Dynabox2,0,0,0,0
50,Realcube60,0,0,0,0
